time_s,category,response
1.681960105895996,Student,CG
2.243391275405884,Student,AnQ
2.881458044052124,Student,OG
3.6075501441955566,Student,TQ
4.698563575744629,Engagement,Low
5.26418399810791,Engagement,High
5.8099586963653564,Instructor,Lec
6.459342956542969,Instructor,AnQ
7.076522588729858,Instructor,Adm
